Subreddit,Titulo,Score,Comentarios totales,ID,URL
politics,Dr. Oz Splits from Trump on Tylenol After Autism Tirade,13722,686,1nouvbe,https://www.thedailybeast.com/dr-oz-splits-from-trump-on-tylenol-after-autism-tirade/
politics,76 percent of Americans say Trump does not deserve the Nobel Peace Prize,8479,442,1novrvc,https://www.washingtonpost.com/politics/2025/09/23/trump-nobel-prize-poll-doesnt-deserve/
politics,Charlie Kirk was a divisive far-right podcaster. Why is he being rebranded as a national hero?,42447,3937,1noqbhr,https://www.theguardian.com/commentisfree/2025/sep/23/charlie-kirk-bigoted-far-right-podcaster
politics,Trump’s UN Address Was a Tragedy of Shakespearian Proportions,3713,368,1noxkmp,https://www.thedailybeast.com/trumps-un-address-was-a-tragedy-of-shakespearian-proportions/
politics,"Unlike other Dems, AOC refuses to join in whitewashing of Kirk",16830,522,1nonj9g,https://www.peoplesworld.org/article/unlike-other-dems-aoc-refuses-to-join-in-whitewashing-of-charlie-kirk/
politics,Trump's big UN speech received with awkward laughter in embarrassing backfire,27105,1674,1nok4av,https://inews.co.uk/news/world/trumps-big-un-speech-received-with-awkward-laughter-in-embarrassing-backfire-3933958
politics,Scientist behind Trump’s Tylenol claims was paid $150K to give evidence against drug maker,4548,178,1not5nj,https://www.thetimes.com/us/american-politics/article/autism-scientist-tesitify-andrea-baccarelli-havard-aceraminophen-paracetamol-wvvzznhsf
politics,MAGA Melts Down as Foreign Voice Speaks Over Trump’s Speech,4293,244,1nos9x0,https://www.thedailybeast.com/maga-melts-down-as-foreign-voice-speaks-over-trumps-speech/
politics,WaPo Poll Shows Broad and Deep Disapproval of Trump Across Issue Areas,1557,50,1nozf2k,https://www.commondreams.org/opinion/voters-disapprove-of-trump
politics,Donald and Melania Trump get stuck on broken escalator at UN prompting rant to General Assembly,7455,639,1nonmq2,https://www.the-independent.com/tv/news/donald-trump-un-broken-escalator-b2832112.html
politics,Trump Is Running “the Most Corrupt Administration in U.S. History”,10553,242,1nokc1y,https://newrepublic.com/article/200790/greg-casar-homan-trump-corruption
politics,Trump cancels meeting with Democratic leaders ahead of government shutdown deadline,13586,1069,1noifii,https://www.cnn.com/2025/09/23/politics/trump-cancels-meeting-democrats-shutdown
politics,"‘Truly Evil’: ICE Accused of Holding Autistic 5-Year-Old to Lure Dad Outside Home | “This outrageous act by immigration officials is inexcusable,” said an advocacy group for children with disabilities and medical complexities.",2244,117,1nov0uw,https://www.commondreams.org/news/immigrant-family
politics,Democrat Adelita Grijalva wins special election for her late father's House seat in Arizona,838,40,1np1ssq,https://www.nbcnews.com/politics/elections/democrat-adelita-grijalva-wins-special-election-late-fathers-house-sea-rcna231968
politics,Kamala Harris gives Zohran Mamdani a tepid endorsement: 'I endorse the Democrat in the race',13104,2417,1noh77y,https://www.nbcnews.com/politics/kamala-harris/kamala-harris-gives-zohran-mamdani-tepid-endorsement-endorse-democrat-rcna233135?cid=sm_npd_nn_tw_ma&taid=68d29b87945e7c000110f8c8&utm_campaign=trueanthem&utm_medium=social&utm_source=twitter
politics,"Nintendo Alerted After DHS Uses Pokémon to Promote ICE Raids | 
A video captioned “Gotta Catch ’Em All” spliced raid footage with Pokémon imagery, sparking calls for Nintendo to step in.",16225,764,1nofipg,https://www.thedailybeast.com/nintendo-alerted-after-dhs-uses-pokemon-to-promote-ice-raids-tearing-families-apart/
politics,Republican Physician Immediately Trashes Trump’s Autism Claim,11621,356,1nogovl,https://www.thedailybeast.com/republican-physician-immediately-trashes-trumps-autism-claim/
politics,Colombia’s president calls for criminal investigation against Trump over Caribbean strikes,821,17,1np08wu,https://apnews.com/article/venezuela-maduro-us-attacks-petro-united-nations-4ee22a497bb4888efbee243739b1e322
politics,Scientist behind Trump’s Tylenol claims was paid to give evidence against drug maker,5678,207,1nokuz3,https://www.thetimes.com/article/aa7fff5a-d267-440f-a544-a3cd75c33416
politics,Mysterious new statue of Epstein and Trump holding hands appears on the National Mall,2351,52,1nor308,https://www.independent.co.uk/news/world/americas/us-politics/epstein-trump-statue-national-mall-b2832122.html
PoliticalDiscussion,Casual Questions Thread,87,8527,1bwbuka,https://www.reddit.com/r/PoliticalDiscussion/comments/1bwbuka/casual_questions_thread/
PoliticalDiscussion,"Donald Trump now claims to have learned that Ukraine with the help of Europe and particularly its NATO allies can not only retake all its territories but perhaps even more; Calling Russia a ""Paper Tiger."" Is the Alaskan Summit goals for peace between Ukraine and Russia now completely dead?",146,42,1np1rv1,https://www.reddit.com/r/PoliticalDiscussion/comments/1np1rv1/donald_trump_now_claims_to_have_learned_that/
PoliticalDiscussion,"Why is the government about to announce guidance tying prenatal Tylenol use to autism, a move reportedly championed by HHS Secretary Robert F. Kennedy Jr. ?",421,286,1nnuiew,https://www.reddit.com/r/PoliticalDiscussion/comments/1nnuiew/why_is_the_government_about_to_announce_guidance/
PoliticalDiscussion,"Why are American conservatives (Trump) so popular in Israel, whereas American Jews are predominantly Democrat?",305,153,1nnpbbf,https://www.reddit.com/r/PoliticalDiscussion/comments/1nnpbbf/why_are_american_conservatives_trump_so_popular/
PoliticalDiscussion,"If Perot won 1992 and ran for re-election in 1996, would he do better if his two opponents were both extremists (e.g. Pat Buchanan and Ralph Nader) or would he do better if his opponents were both moderates (e.g. Colin Powell and Lloyd Bensten)?",0,12,1noqumx,https://www.reddit.com/r/PoliticalDiscussion/comments/1noqumx/if_perot_won_1992_and_ran_for_reelection_in_1996/
PoliticalDiscussion,Trump says the tariffs are working and the US is getting richer from it. Is that true?,293,391,1nn6k1v,https://www.reddit.com/r/PoliticalDiscussion/comments/1nn6k1v/trump_says_the_tariffs_are_working_and_the_us_is/
PoliticalDiscussion,Will the Democratic Party be forced to adopt some anti-immigration policies to return to power?,0,48,1nohtk6,https://www.reddit.com/r/PoliticalDiscussion/comments/1nohtk6/will_the_democratic_party_be_forced_to_adopt_some/
PoliticalDiscussion,"UK, Canada, and Australia formally recognize Palestine — what does this mean for global diplomacy?",70,202,1nmzepf,https://www.reddit.com/r/PoliticalDiscussion/comments/1nmzepf/uk_canada_and_australia_formally_recognize/
PoliticalDiscussion,Would it be better for US President (or other World Leaders) to not tie themselves to a political party ?,0,9,1no63e2,https://www.reddit.com/r/PoliticalDiscussion/comments/1no63e2/would_it_be_better_for_us_president_or_other/
PoliticalDiscussion,Do you think Democrats should change their federal platform?,0,76,1nnu2r8,https://www.reddit.com/r/PoliticalDiscussion/comments/1nnu2r8/do_you_think_democrats_should_change_their/
PoliticalDiscussion,"Do oppressed groups have a duty, not just a right, to resist systemic threats, and if so, what methods are justified?",0,58,1nmo35z,https://www.reddit.com/r/PoliticalDiscussion/comments/1nmo35z/do_oppressed_groups_have_a_duty_not_just_a_right/
PoliticalDiscussion,Is using military force against suspected drug-trafficking boats constitutional or an overreach of presidential power?,137,275,1nlal7x,https://www.reddit.com/r/PoliticalDiscussion/comments/1nlal7x/is_using_military_force_against_suspected/
PoliticalDiscussion,"What are your thoughts on the FCC's crackdown on Jimmy Kimmel, Stephen Colbert and free speech in general?",161,275,1nl6nez,https://www.reddit.com/r/PoliticalDiscussion/comments/1nl6nez/what_are_your_thoughts_on_the_fccs_crackdown_on/
PoliticalDiscussion,"When Putin came to power in the 2000s his administration critiqued a puppet show mocking politicians openly. 2 years later the puppet show was taken down, do you see parallels with the events we are currently on?",148,25,1nl0uwa,https://www.reddit.com/r/PoliticalDiscussion/comments/1nl0uwa/when_putin_came_to_power_in_the_2000s_his/
PoliticalDiscussion,"Do you think the majority of Americans aren't hyper-partisan/tribal, or has that ship sailed?",57,185,1nl4px7,https://www.reddit.com/r/PoliticalDiscussion/comments/1nl4px7/do_you_think_the_majority_of_americans_arent/
PoliticalDiscussion,"Has US political support for Israel become a kind of cult, and how does Reagan’s 1982 diary entry highlight the difference between then and now?",42,66,1nl71xy,https://www.reddit.com/r/PoliticalDiscussion/comments/1nl71xy/has_us_political_support_for_israel_become_a_kind/
PoliticalDiscussion,"What is ""fair"" for taxes?",0,217,1nm2c8v,https://www.reddit.com/r/PoliticalDiscussion/comments/1nm2c8v/what_is_fair_for_taxes/
PoliticalDiscussion,Current Leaders Of The Democratic Party?,75,203,1nkroke,https://www.reddit.com/r/PoliticalDiscussion/comments/1nkroke/current_leaders_of_the_democratic_party/
PoliticalDiscussion,Americas Reichstag fire?,327,392,1nkeu1q,https://www.reddit.com/r/PoliticalDiscussion/comments/1nkeu1q/americas_reichstag_fire/
PoliticalDiscussion,What explains why personal storytelling might outperform data-heavy messaging in political advocacy?,11,21,1nkwxla,https://www.reddit.com/r/PoliticalDiscussion/comments/1nkwxla/what_explains_why_personal_storytelling_might/
worldnews,"/r/WorldNews Live Thread: Russian Invasion of Ukraine Day 1308, Part 1 (Thread #1455)",102,9,1np2gzu,https://www.reddit.com/live/18hnzysb1elcs
worldnews,"'Your countries are being ruined' by migration, Trump tells Europe at the UN",3190,756,1np0yfb,https://www.euronews.com/2025/09/23/your-countries-are-being-ruined-by-migration-trump-tells-europe
worldnews,Trump says he now believes Ukraine can win back all territory lost to Russia with NATO’s help,17256,1190,1noqred,https://apnews.com/article/russia-ukraine-war-un-zelenskyy-trump-f28942b3915e40226654548bb3ee7919
worldnews,"China buys Argentine soybeans after tax drop, leaving US farmers sidelined",21856,996,1nol5kb,https://www.reuters.com/world/china/chinese-buyers-book-least-10-argentine-soybean-cargoes-sources-say-2025-09-23/
worldnews,"Trump at UN: NATO states ""funding war against themselves"" by buying Russian energy",1781,177,1noxz0c,https://www.pravda.com.ua/eng/news/2025/09/23/7532170/
worldnews,Brazil’s president says in UN speech that democracy can prevail over ‘would-be autocrats’,1647,38,1nov8jw,https://www.theguardian.com/world/2025/sep/23/brazil-president-lula-un-speech
worldnews,"Canada Hopes Trump’s $100,000 Visa Fee Redirects Talent North",6666,473,1noirpx,https://www.bloomberg.com/news/articles/2025-09-23/h-1b-visa-canada-hopes-trump-s-100-000-fee-redirects-talent-north
worldnews,"Pope Leo refuses to authorise an AI Pope and declares the technology 'an empty, cold shell that will do great damage to what humanity is about'",62614,1409,1nocisz,https://www.pcgamer.com/software/ai/pope-leo-refuses-to-authorise-an-ai-pope-and-declares-the-technology-an-empty-cold-shell-that-will-do-great-damage-to-what-humanity-is-about/
worldnews,Nasa plans first crewed Moon mission in 50 years for February 2026,1326,167,1nouilf,https://www.bbc.com/news/articles/cy7pegvz17yo
worldnews,Russia Link Possible in ‘Serious Attack’ on NATO’s Denmark,6148,192,1nogtu3,https://www.newsweek.com/nato-denmark-drones-russia-copenhagen-airport-10473830?utm_source=reddit&utm_campaign=reddit_influencers
worldnews,Trump says NATO should shoot down Russian aircraft violating its airspace,311,44,1np3d8z,https://www.pravda.com.ua/eng/news/2025/09/23/7532185/
worldnews,NATO Nation Ready To Shoot Down Russian Planes,8731,241,1noek1c,https://www.newsweek.com/nato-nation-ready-shoot-down-russian-planes-10474064
worldnews,The US government steps in to resuscitate Argentina's slumping libertarian economy,369,157,1np0f60,https://www.reuters.com/world/americas/us-treasurys-support-argentina-gives-peso-milei-friendly-leg-up-now-2025-09-23/
worldnews,Trump blasts the UN for not 'living up' to its potential,2732,553,1nojeco,https://www.politico.com/news/2025/09/23/trump-blasts-un-peacemaking-00576177
worldnews,'Suicides and suffocation' — Russia sends troops into gas pipelines to bypass Ukrainian defenses,3376,160,1nohd5u,https://kyivindependent.com/deadly-but-effective-why-russia-sends-soldiers-to-gas-pipeline-tunnels-in-ukraine/
worldnews,"China to launch K-Visa for global talent as US slaps $100,000 H-1B fee",5243,515,1noe5eu,https://www.business-standard.com/immigration/china-to-launch-k-visa-for-global-talent-as-us-slaps-100-000-h-1b-fee-125092300264_1.html
worldnews,Zelenskyy: Putin’s Russia is nothing without China,141,14,1np3pu8,https://www.pravda.com.ua/eng/news/2025/09/24/7532212
worldnews,There will be no Palestinian State Netanyahu's big warning to UK Canada Australia after Palestine recognition,1960,358,1nojabx,https://www.hindustantimes.com/world-news/there-will-be-no-palestinian-state-netanyahus-warning-to-uk-canada-and-australia-after-move-to-recognise-palestine-101758492993158.html
worldnews,"Rodrigo Duterte, former Philippines president, charged with crimes against humanity at ICC",3552,76,1noeim2,https://www.theguardian.com/world/2025/sep/23/rodrigo-duterte-charged-crimes-against-humanity-icc-philippines-ntwnfb
worldnews,N. Korea battles skin disease outbreak blamed on China,299,21,1noxd10,https://www.dailynk.com/english/north-korea-battles-skin-disease-outbreak-blamed-china/
