Título,Empresa,Ubicación,Fecha,Link
Programador Frontend Senior,Publicado hace 5 días,Programador Frontend Senior,Remoto,https://www.bumeran.com.pe/empleos/programador-frontend-senior-sonda-del-peru-s.a.-1117973000.html
Trainee Programador Jr,Actualizado hace 4 días,Trainee Programador Jr,Presencial,https://www.bumeran.com.pe/empleos/trainee-programador-jr-building-software-1117968407.html
Analista de Imagenes Hospitalarias / Sistemas,Publicado ayer,Analista de Imagenes Hospitalarias / Sistemas,Presencial,https://www.bumeran.com.pe/empleos/analista-de-imagenes-hospitalarias-sistemas-grupo-san-pablo-1117977289.html
Analista Desarrollador Java,Actualizado ayer,Analista Desarrollador Java,Presencial,https://www.bumeran.com.pe/empleos/analista-desarrollador-java-manpowergroup-peru-1117974662.html
Programador BMS,Actualizado ayer,Programador BMS,Presencial,https://www.bumeran.com.pe/empleos/programador-bms-indra-peru-1117974062.html
Programador BMS - Automizador,Actualizado ayer,Programador BMS - Automizador,Presencial,https://www.bumeran.com.pe/empleos/programador-bms-automizador-indra-peru-1117973373.html
Programador BMS,Actualizado ayer,Programador BMS,Presencial,https://www.bumeran.com.pe/empleos/programador-bms-indra-peru-1117973363.html
Analista Programador / Sector Educativo,Publicado hace 5 días,Analista Programador / Sector Educativo,Híbrido,https://www.bumeran.com.pe/empleos/analista-programador-sector-educativo-inlearning-escuelas-de-educacion-superior-1117973244.html
Programador BMS,Actualizado ayer,Programador BMS,Presencial,https://www.bumeran.com.pe/empleos/programador-bms-indra-peru-1117973221.html
Programador Python Junior,Actualizado hace 6 días,Programador Python Junior,Híbrido,https://www.bumeran.com.pe/empleos/programador-python-junior-csti-corp-1117970174.html
Desarrollador Fullstack (Java/Js) - Remoto,Actualizado hace 8 días,Desarrollador Fullstack (Java/Js) - Remoto,Remoto,https://www.bumeran.com.pe/empleos/desarrollador-fullstack-java-js-remoto-protiviti-peru-1117966558.html
Desarrollador Python Odoo,Actualizado hace 11 días,Desarrollador Python Odoo,Presencial,https://www.bumeran.com.pe/empleos/desarrollador-python-odoo-ibr-peru-s.a.-1117961539.html
Practicante de Digitalización,Actualizado hace 6 días,Practicante de Digitalización,Presencial,https://www.bumeran.com.pe/empleos/practicante-de-digitalizacion-repsol-1117960947.html
Programador,Actualizado hace 5 días,Programador,Presencial,https://www.bumeran.com.pe/empleos/programador-1117960615.html
PROGRAMADOR WEB Y MOVIL,Actualizado ayer,PROGRAMADOR WEB Y MOVIL,Presencial,https://www.bumeran.com.pe/empleos/programador-web-y-movil-manpowergroup-peru-1117958854.html
Desarrollador Backend Jr,Publicado hace más de 15 días,Desarrollador Backend Jr,Híbrido,https://www.bumeran.com.pe/empleos/desarrollador-backend-jr-prestamype-1117957891.html
